candidate_id,first_name,last_name,registration_date
1,Julie,Brown,08-04-2023
2,Barbara,Robbins,09-07-2023
3,Kathryn,Wolf,09-11-2022
4,Amy,Fitzgerald,29-07-2022
5,Nicholas,Dunn,16-08-2022
6,Jorge,Gibson,06-02-2024
7,Robert,Chen,18-06-2022
8,Ashlee,Parrish,11-02-2023
9,Vincent,Mercer,11-12-2023
10,Zachary,York,26-01-2024
11,Stacie,Baker,07-09-2023
12,Tina,Morris,14-07-2022
13,Keith,Stone,06-06-2023
14,Howard,Lewis,20-02-2024
15,Sandra,Bush,24-02-2023
16,Jaclyn,Andrews,12-02-2024
17,Scott,King,24-11-2023
18,Derek,Arnold,14-05-2023
19,Frank,Williams,25-04-2022
20,Christopher,Griffin,13-09-2022
21,Xavier,Peterson,09-05-2023
22,Nicholas,Blanchard,02-05-2023
23,Robert,Smith,15-12-2023
24,Kathryn,Atkinson,03-11-2022
25,Paul,Valentine,13-08-2022
26,Richard,Carroll,20-11-2023
27,Elizabeth,Ellison,03-08-2022
28,Pamela,Collins,31-05-2022
29,Eugene,Simon,25-12-2023
30,Christopher,Ward,12-07-2023
31,Nathan,Harris,19-07-2022
32,Carla,Bautista,13-02-2023
33,Alan,Smith,30-09-2022
34,Colin,Sanford,15-09-2022
35,Kayla,Horne,15-07-2022
36,Frank,Wu,29-10-2023
37,Sandra,Taylor,08-10-2023
38,Monica,Rivera,03-02-2023
39,Wayne,Oliver,03-05-2022
40,Deborah,Cole,06-10-2023
41,Wendy,Campbell,24-09-2023
42,Charles,Mcclure,19-06-2022
43,Heather,Harvey,10-02-2024
44,Shari,Adams,16-01-2024
45,Bryan,Swanson,09-11-2023
46,Kelly,Green,16-02-2024
47,Jonathan,Bennett,21-02-2023
48,Joseph,Ward,31-12-2023
49,Barry,James,13-09-2022
50,Scott,Adams,04-07-2022
51,Kevin,Smith,08-05-2023
52,Amanda,Wilson,27-02-2023
53,Holly,Smith,06-08-2023
54,Carla,Berger,03-08-2023
55,Eric,Gonzalez,27-10-2023
56,Karen,Richardson,20-12-2022
57,Jason,Smith,02-02-2024
58,Stephanie,Casey,03-01-2024
59,Jennifer,Jimenez,25-06-2023
60,Warren,Rogers,13-06-2022
61,Madison,Dominguez,05-08-2023
62,Donna,Stokes,19-04-2023
63,Ronald,Johnson,20-01-2023
64,John,Webster,01-07-2022
65,Pamela,Butler,17-01-2023
66,Melissa,Steele,11-09-2022
67,Blake,Richardson,11-07-2022
68,John,Smith,08-11-2022
69,Joseph,Cochran,10-03-2024
70,Leah,Gibbs,09-09-2022
71,Crystal,Craig,26-12-2022
72,Courtney,Johnson,06-04-2023
73,Susan,Mooney,25-01-2024
74,Matthew,Shelton,01-04-2024
75,Amy,Wagner,29-08-2023
76,Joyce,Thornton,08-02-2023
77,Thomas,Burns,19-09-2023
78,Justin,Lane,20-11-2022
79,Nathaniel,Torres,02-01-2024
80,Deborah,Boyd,17-06-2023
81,Mariah,Oneal,25-05-2022
82,Jennifer,Coleman,03-08-2023
83,Christian,Francis,04-01-2023
84,William,Schmitt,05-10-2023
85,Daniel,Rodriguez,08-09-2022
86,Mark,Stewart,01-01-2024
87,Logan,Lawson,31-05-2023
88,Robert,Smith,04-06-2023
89,Robin,Good,14-05-2022
90,Tracy,Cook,10-08-2022
91,Lori,Anderson,17-06-2022
92,Gloria,Hernandez,23-06-2023
93,Douglas,Crane,05-02-2023
94,Anthony,Mills,11-08-2022
95,Steven,Dixon,13-04-2023
96,Jennifer,Wood,28-07-2023
97,Dawn,Meyer,22-05-2022
98,Christopher,Clark,04-03-2024
99,Amber,Burgess,10-09-2023
100,Thomas,Phillips,12-06-2023
101,Joyce,Harris,19-09-2023
102,Derrick,Davis,20-02-2024
103,Billy,Leach,17-01-2024
104,Allison,Henderson,22-08-2022
105,Calvin,Nguyen,14-03-2023
106,John,Thomas,25-09-2023
107,Michelle,Jackson,14-02-2023
108,Amy,Mathis,12-03-2024
109,Michael,Martinez,30-03-2024
110,Alexa,Gonzalez,10-09-2023
111,Jennifer,Kline,26-05-2022
112,Tiffany,Fuller,14-11-2022
113,Brenda,Gibbs,23-02-2023
114,Patricia,Meadows,01-07-2022
115,Michael,Griffin,21-07-2023
116,Victor,King,17-06-2022
117,William,Mcdowell,06-08-2022
118,Lisa,Gillespie,03-11-2022
119,Jason,Rhodes,20-01-2024
120,Lindsay,Andrews,02-12-2023
121,Heidi,Maxwell,07-12-2022
122,Courtney,Strong,13-04-2022
123,Lisa,Freeman,12-02-2024
124,Tara,Duncan,06-03-2024
125,Megan,Smith,26-08-2022
126,Johnathan,Aguilar,22-07-2023
127,Jordan,Boone,27-04-2022
128,James,Ballard,24-09-2023
129,Vanessa,Baldwin,26-03-2023
130,Alyssa,Wilson,16-11-2022
131,Stanley,Fox,27-01-2024
132,Brandon,James,10-01-2023
133,Elizabeth,Wilson,18-05-2022
134,Andrea,Tyler,13-08-2022
135,Trevor,Joyce,24-08-2023
136,Nicholas,Mejia,12-03-2023
137,Shannon,Mcmahon,29-01-2024
138,Jeffrey,Briggs,21-03-2023
139,Whitney,Smith,06-01-2024
140,John,Francis,12-03-2024
141,Heidi,Miller,25-02-2023
142,Tony,Hess,13-08-2023
143,Anna,Anderson,04-01-2024
144,Linda,Ritter,02-08-2023
145,Jessica,Hull,13-04-2022
146,Mary,Thornton,07-10-2023
147,Jeffrey,Carr,11-01-2024
148,Stephen,Dominguez,08-09-2022
149,Eric,Leonard,09-11-2023
150,Kelly,Bryant,13-02-2023
151,William,Cervantes,22-07-2022
152,Scott,Davis,22-06-2023
153,Michael,Wright,11-05-2023
154,Amanda,Hall,14-01-2023
155,Robert,Frost,29-09-2022
156,Tammy,Munoz,02-02-2024
157,Karen,Burch,04-05-2022
158,Patrick,Powers,07-01-2023
159,Melanie,Moody,25-04-2022
160,Eric,Brown,13-02-2024
161,Carol,Villarreal,27-03-2024
162,Bryce,Garcia,05-10-2023
163,Kelly,Casey,06-06-2022
164,Kimberly,Bass,23-11-2022
165,Carol,Kelley,12-09-2022
166,Ashley,Lee,24-01-2023
167,Kevin,Richmond,18-10-2022
168,Ian,Griffin,26-02-2023
169,Jeremy,Lambert,20-01-2024
170,Keith,Sparks,28-11-2023
171,Shannon,Miller,25-07-2023
172,Carlos,Campbell,01-11-2022
173,Krista,Ewing,09-08-2023
174,Caleb,Parker,05-06-2023
175,Christina,Jones,24-07-2023
176,Christopher,Baker,29-09-2022
177,Curtis,Bishop,23-11-2023
178,Jeffrey,Thompson,22-08-2023
179,Christopher,Waller,20-06-2023
180,Alicia,Kemp,28-08-2023
181,Shelby,Howard,14-03-2023
182,Tonya,Hayden,27-05-2022
183,Gabriel,Marshall,01-12-2023
184,Tammy,Stevenson,05-07-2022
185,Dakota,Kim,21-07-2023
186,Patricia,Elliott,27-04-2022
187,Caitlin,Joseph,24-10-2023
188,Seth,Martinez,04-01-2024
189,Luis,Holland,17-04-2023
190,Jesse,Smith,07-10-2022
191,Amanda,Armstrong,02-05-2023
192,Travis,Grant,10-06-2023
193,Blake,Jones,18-05-2022
194,Cody,Schneider,22-04-2023
195,Sherry,Mcdonald,11-04-2024
196,Jessica,Irwin,13-04-2023
197,Scott,Frost,11-09-2022
198,Vincent,Joseph,12-10-2022
199,Beth,Harper,17-08-2023
200,Michael,Jordan,11-05-2022
201,Jeffrey,Harrison,01-08-2023
202,Michael,Briggs,23-06-2023
203,Laura,Becker,12-11-2023
204,Jack,Bates,01-01-2024
205,Sharon,Odonnell,01-07-2022
206,Whitney,Brown,17-04-2023
207,Karen,Mcmahon,25-11-2023
208,Misty,Jones,02-09-2022
209,Matthew,Garcia,28-05-2022
210,Jennifer,Nolan,27-05-2022
211,Melissa,Wilkinson,16-02-2024
212,Lauren,Sherman,26-11-2022
213,Crystal,Young,18-07-2023
214,Jacqueline,Johnson,11-03-2023
215,Terri,Peterson,08-12-2022
216,Melissa,Evans,13-10-2023
217,Brandon,Welch,18-07-2023
218,John,Howell,09-05-2022
219,Jamie,Olson,26-06-2023
220,Yvonne,Miller,14-12-2022
221,Stephanie,Woods,23-06-2023
222,David,Cardenas,02-07-2023
223,Jasmine,Powell,02-07-2022
224,Cindy,Miller,03-05-2022
225,Susan,Pierce,05-04-2024
226,Amber,Gallegos,02-04-2024
227,Kelly,Castillo,04-04-2024
228,Michelle,Fletcher,02-10-2023
229,Richard,Lewis,31-03-2024
230,Jorge,Adkins,26-11-2022
231,Keith,Perez,08-06-2022
232,Jeffrey,Campbell,26-01-2024
233,James,King,14-11-2022
234,Ann,Guzman,23-04-2023
235,James,Foster,08-04-2024
236,Peter,Jensen,05-11-2023
237,Brenda,Brooks,26-04-2023
238,Crystal,Terry,20-02-2023
239,Kyle,Cook,24-02-2023
240,Kenneth,Walsh,01-03-2024
241,Deborah,Miller,10-01-2023
242,Stephanie,Fuller,09-06-2022
243,Karen,Smith,16-08-2023
244,Nancy,Shah,05-01-2023
245,David,Mcdonald,08-11-2023
246,Jasmine,Barr,25-06-2023
247,Perry,Duncan,24-01-2023
248,Tyler,Barrett,22-02-2023
249,Stephen,Ross,25-10-2022
250,Robert,Robinson,02-05-2022
251,Stacey,Solomon,16-06-2023
252,Kirsten,Jones,18-02-2023
253,Bailey,Jones,23-07-2023
254,Allen,Webster,04-12-2022
255,Michelle,Hill,01-06-2023
256,Dawn,Phillips,12-03-2024
257,Kenneth,Hanna,03-02-2023
258,Shelly,Rangel,21-12-2023
259,Matthew,Garcia,09-10-2022
260,Richard,Williams,18-07-2022
261,Keith,Ramos,03-08-2023
262,Brittney,Padilla,07-08-2023
263,Jennifer,Simmons,03-02-2024
264,Paul,Fox,08-11-2022
265,Sarah,Roberts,09-12-2022
266,Victor,Hamilton,11-10-2022
267,Anita,Mooney,05-06-2023
268,Mary,Kane,09-03-2024
269,Justin,Martinez,27-10-2022
270,Melissa,Jackson,29-08-2022
271,Sarah,Norris,28-02-2024
272,Joyce,Foster,22-10-2023
273,Nicholas,Palmer,24-03-2023
274,James,Mcconnell,13-09-2022
275,Tanya,Hicks,21-11-2022
276,Jacqueline,Wood,26-01-2024
277,Joshua,Peterson,23-10-2023
278,Christina,Ward,03-08-2022
279,Lisa,Colon,11-11-2023
280,Michael,Vasquez,26-02-2023
281,Andrea,Webster,02-07-2023
282,Jill,Cox,07-10-2022
283,Maurice,Brown,27-09-2022
284,Angela,Salinas,28-10-2023
285,Madison,French,31-07-2022
286,Barry,Rivera,03-01-2023
287,Michelle,Ballard,06-12-2022
288,Misty,Gonzalez,24-08-2022
289,Anthony,Mckinney,11-06-2022
290,Tina,Jones,17-06-2023
291,Jennifer,Russo,14-01-2023
292,Lindsey,Torres,29-02-2024
293,Matthew,Abbott,02-02-2023
294,Melvin,Gonzalez,06-10-2022
295,Brianna,Powell,10-10-2023
296,Rhonda,Casey,18-06-2023
297,Regina,Harmon,30-06-2023
298,Jeremy,Shepherd,28-12-2022
299,Paul,Duarte,12-11-2023
300,Joshua,Smith,04-06-2022
301,Jose,Garcia,09-07-2023
302,Sara,Lopez,05-08-2023
303,Mikayla,Payne,09-01-2023
304,Thomas,Griffin,25-08-2023
305,Thomas,Henderson,04-04-2023
306,George,Mills,29-02-2024
307,Kayla,Clayton,07-09-2022
308,Kyle,Newton,05-07-2022
309,William,Cook,07-06-2022
310,Julie,Simon,18-09-2022
311,Roger,Long,10-10-2023
312,Christy,Jones,25-07-2022
313,Michael,Sutton,17-02-2023
314,Maria,Pitts,31-07-2023
315,Jenny,Schroeder,16-11-2022
316,David,Lambert,13-12-2022
317,Jesse,Anderson,23-07-2022
318,Daniel,Valencia,10-07-2022
319,Danielle,Frey,16-08-2022
320,Philip,Diaz,20-11-2022
321,Todd,Molina,14-09-2022
322,Jennifer,Murphy,08-03-2024
323,Chad,Arnold,30-12-2023
324,Linda,Roberts,23-08-2023
325,Shannon,Wallace,27-12-2022
326,Janice,Carroll,08-01-2023
327,Katie,Campbell,24-04-2023
328,Robin,Bishop,11-12-2022
329,Jason,Little,22-09-2022
330,Christina,Stewart,15-08-2022
331,Daniel,Munoz,22-08-2022
332,Richard,Allen,29-03-2023
333,Peter,Perez,01-02-2023
334,Christina,Ball,30-01-2024
335,William,Reeves,01-03-2024
336,James,Stewart,24-05-2023
337,Amanda,Mckinney,19-03-2024
338,Carrie,Fitzpatrick,03-06-2022
339,Scott,Huff,02-08-2022
340,Lori,Green,27-12-2023
341,Jason,Hernandez,30-04-2022
342,Karen,Bowman,28-12-2022
343,Nicholas,Hudson,13-09-2022
344,Amanda,Mcguire,15-01-2023
345,Michael,Cook,26-01-2023
346,Michael,Gay,18-07-2022
347,Dawn,Mcfarland,03-06-2023
348,Valerie,Jensen,14-04-2022
349,Victoria,Diaz,02-10-2022
350,Richard,Lane,25-12-2022
351,Justin,Montes,03-03-2023
352,Lisa,Smith,18-03-2023
353,Claire,Myers,04-11-2023
354,Cody,Brewer,16-10-2023
355,Alex,Valdez,21-02-2023
356,Joshua,Deleon,23-04-2023
357,Matthew,Johnson,07-01-2024
358,Dave,Williams,09-07-2022
359,Dustin,Clarke,21-12-2022
360,Douglas,Palmer,21-06-2022
361,Kari,Hood,31-03-2023
362,Erica,Allen,27-01-2024
363,Jennifer,Torres,09-07-2023
364,Andrea,Mcintosh,09-03-2024
365,Mitchell,Gonzalez,26-06-2023
366,Nancy,Morales,13-07-2023
367,Timothy,Ferguson,10-09-2023
368,Patricia,Harris,03-02-2024
369,John,Baird,09-09-2023
370,Christina,Garcia,19-02-2023
371,Antonio,Smith,14-04-2022
372,Eileen,Reeves,07-06-2022
373,Julie,Bonilla,20-09-2022
374,Sabrina,Morrison,06-12-2022
375,Nicholas,Hoffman,26-04-2023
376,Christina,Murray,22-04-2022
377,James,Walker,14-03-2023
378,Philip,Walter,16-05-2022
379,Kimberly,Parker,28-07-2023
380,Jamie,Calderon,04-11-2022
381,Melissa,Benitez,06-12-2023
382,Kathleen,Andrews,02-07-2022
383,Patricia,Warren,24-04-2022
384,Ryan,Hudson,02-02-2024
385,Ashley,Russell,12-02-2023
386,John,Parker,25-10-2022
387,James,Rojas,05-04-2024
388,Debra,Casey,11-03-2024
389,Alyssa,Gardner,02-03-2023
390,Katherine,Kelley,22-01-2024
391,Summer,Carlson,15-07-2023
392,Meagan,Love,17-01-2024
393,Amy,Pace,13-03-2024
394,Charlene,Burns,10-06-2022
395,Lawrence,Flores,09-10-2023
396,Kristin,Stewart,12-08-2023
397,Amy,Browning,30-06-2023
398,Matthew,Moore,15-10-2023
399,Brian,Martinez,25-07-2022
400,Sarah,Douglas,19-10-2023
401,Amber,Lamb,15-01-2023
402,Jeff,Douglas,20-05-2023
403,Debra,Washington,19-09-2023
404,Rhonda,Huffman,24-03-2023
405,Edward,Glover,17-06-2023
406,Brittany,Roth,18-08-2023
407,Krista,Bryant,07-11-2023
408,Hannah,Roach,15-03-2024
409,Cathy,Franco,17-03-2023
410,Shelley,Johnson,13-08-2023
411,Sean,Harvey,13-10-2022
412,Shannon,Clark,01-12-2022
413,Jesse,Stevens,13-07-2022
414,Robert,Johnson,30-05-2022
415,Bryan,Harvey,24-06-2023
416,Candace,Jackson,01-10-2023
417,Andrew,Adams,13-10-2023
418,Jonathan,Murillo,28-04-2022
419,Sandra,Gardner,24-11-2022
420,Matthew,Brooks,19-03-2023
421,Christopher,Reynolds,04-05-2022
422,Carolyn,Padilla,13-09-2022
423,William,Jackson,25-03-2023
424,James,Yu,14-10-2023
425,Katrina,Castaneda,07-04-2024
426,Michael,Serrano,24-09-2023
427,Anthony,Velazquez,25-08-2023
428,Megan,Nguyen,14-07-2022
429,Natalie,Powers,08-01-2024
430,Emma,Young,30-06-2023
431,Justin,Medina,16-06-2022
432,Thomas,Steele,08-09-2023
433,Charles,Jones,09-03-2023
434,Elizabeth,Moran,10-04-2023
435,Robin,Carroll,28-08-2022
436,Jacqueline,Taylor,01-10-2023
437,Carrie,Turner,22-01-2024
438,Michael,Brown,10-09-2022
439,Kevin,House,18-10-2022
440,Juan,Huynh,20-08-2022
441,Laura,Lopez,19-08-2023
442,Paul,Figueroa,24-01-2024
443,Ellen,Martinez,22-06-2023
444,Randy,Adams,03-06-2023
445,Angela,Hess,21-02-2024
446,Katie,Moon,19-12-2023
447,Elizabeth,Warren,27-11-2022
448,Jacqueline,Dunn,09-02-2023
449,Erin,Banks,08-02-2023
450,Katrina,Edwards,05-05-2023
451,Colleen,Gamble,28-06-2023
452,Barbara,Haynes,03-08-2022
453,Deborah,Scott,24-05-2022
454,Jasmine,Smith,16-11-2022
455,Daniel,Burns,12-06-2023
456,Michael,Murphy,20-08-2023
457,Gabriel,Lowery,16-02-2024
458,Matthew,Rodriguez,26-06-2022
459,John,Greer,02-10-2023
460,Brandi,Sanchez,25-03-2024
461,Victor,Dean,27-02-2023
462,Paul,Hall,13-03-2024
463,Felicia,Shannon,13-01-2023
464,Jerome,Logan,23-05-2022
465,Jeffrey,Barnes,04-12-2023
466,Kenneth,Taylor,07-04-2024
467,Amber,Parks,12-10-2023
468,Robert,Garcia,22-08-2022
469,Jerome,Thomas,07-07-2023
470,Lisa,Gonzalez,18-05-2022
471,Mackenzie,Hernandez,15-02-2023
472,Sarah,Hull,09-11-2023
473,Chelsea,Jordan,02-03-2023
474,John,White,03-04-2024
475,Tracy,Stevens,29-01-2023
476,Amanda,Turner,07-11-2022
477,Manuel,Estrada,23-05-2022
478,Scott,Gentry,23-06-2023
479,Joseph,Mosley,26-06-2022
480,Cynthia,Lynch,08-03-2023
481,Timothy,Richardson,06-11-2022
482,Daniel,Crawford,21-04-2022
483,Andre,Garcia,07-01-2024
484,Nicholas,Simpson,24-02-2024
485,Joshua,Banks,07-04-2024
486,Melissa,Lyons,29-12-2023
487,Ann,Torres,10-04-2023
488,Jasmine,Guerra,14-11-2022
489,Laura,Walters,30-11-2022
490,Eric,Guerra,22-12-2023
491,Robert,Powell,26-03-2024
492,Michael,Collier,31-05-2023
493,Charles,Miller,22-05-2022
494,Allison,Rich,01-07-2023
495,Derrick,Williams,23-07-2022
496,Rachel,Daniels,25-11-2023
497,Tiffany,Taylor,27-09-2023
498,Madison,Reed,30-04-2022
499,Daniel,Greene,24-12-2023
500,Robert,Payne,09-04-2024
501,Vanessa,White,27-10-2022
502,David,Washington,05-12-2022
503,Tyler,Cardenas,18-10-2023
504,Nicholas,Barnes,28-05-2023
505,William,Hernandez,24-03-2024
506,Heather,Webb,15-08-2022
507,Christopher,Shepard,18-10-2022
508,Timothy,Dixon,24-05-2023
509,Jason,Gomez,22-09-2023
510,Breanna,Walker,31-07-2022
511,Andrew,Grant,25-12-2022
512,Debbie,Romero,12-04-2023
513,Jason,Farrell,18-07-2023
514,Rebecca,Spencer,20-02-2024
515,Scott,Brewer,10-05-2022
516,Christian,Allen,07-12-2023
517,Jessica,Coleman,11-10-2022
518,Ashley,Mccoy,06-09-2023
519,Karen,Aguirre,31-12-2022
520,Sarah,Pearson,03-05-2023
521,Brittany,Miller,30-10-2022
522,Jason,Gonzales,24-11-2023
523,Kevin,Hess,05-08-2023
524,James,Perry,16-12-2022
525,Elizabeth,Brown,17-03-2023
526,Brandon,Black,07-10-2022
527,Thomas,Gomez,01-03-2023
528,John,Knight,25-05-2023
529,Donna,Alexander,22-12-2022
530,Erica,Jackson,16-12-2023
531,Justin,Wall,12-07-2023
532,Brett,Blair,16-10-2023
533,Amy,Duran,08-02-2024
534,Tonya,Brown,04-11-2022
535,Chris,Lang,14-02-2024
536,Kathleen,Harmon,22-01-2024
537,Bradley,Thompson,25-11-2022
538,Anthony,Taylor,15-08-2022
539,Margaret,Baldwin,22-11-2022
540,Laurie,Harris,06-11-2023
541,Jennifer,Diaz,19-07-2022
542,Derrick,Sanders,08-02-2023
543,Arthur,Marquez,07-10-2022
544,Melissa,Weaver,14-05-2022
545,Anthony,Neal,28-12-2023
546,Michelle,Kim,20-09-2022
547,Martha,Jones,07-04-2023
548,Jessica,Taylor,27-05-2023
549,Mark,Humphrey,18-10-2023
550,Patrick,Santiago,06-06-2023
551,Julia,Crane,21-03-2023
552,Cindy,Brown,03-03-2023
553,Angela,Hanson,20-01-2024
554,Barbara,Wolf,10-11-2023
555,Erica,Jones,31-01-2024
556,Adrienne,Mccarthy,24-01-2023
557,Kelly,Chen,16-02-2023
558,Lori,Spence,23-02-2023
559,Joshua,Maldonado,08-07-2022
560,Cody,Thomas,01-09-2023
561,Jay,Terry,23-09-2023
562,Jennifer,Haynes,15-08-2022
563,Anthony,Ibarra,07-03-2024
564,Joshua,Henry,13-03-2023
565,Tim,Waters,06-04-2023
566,Elizabeth,Gomez,20-09-2023
567,Erin,Williams,05-06-2023
568,Gabriel,Frey,26-11-2023
569,Brian,Spence,26-02-2024
570,Arthur,Turner,30-10-2023
571,Lawrence,Benjamin,01-04-2024
572,John,Owens,13-03-2023
573,Raymond,Thomas,24-02-2023
574,Steven,Martinez,08-02-2024
575,Kristen,Walters,24-01-2023
576,Jason,Taylor,20-05-2023
577,Todd,Nunez,13-09-2023
578,Lawrence,Brown,28-12-2022
579,David,Garcia,12-08-2023
580,Erica,Benton,05-09-2022
581,Brent,Rodriguez,19-01-2024
582,Michelle,Santiago,29-12-2022
583,Warren,Diaz,27-07-2022
584,Bradley,Christensen,24-08-2022
585,Morgan,Mccoy,24-08-2022
586,Kathryn,Collier,06-10-2022
587,Lori,Marshall,27-09-2023
588,Michael,Martin,11-01-2024
589,Jon,Watts,30-07-2023
590,Samantha,Thomas,28-04-2023
591,Kimberly,Sanchez,05-11-2023
592,Jacqueline,Martinez,15-01-2023
593,John,Bryant,31-07-2023
594,Jennifer,Smith,15-03-2023
595,Darren,Hall,16-04-2023
596,Edward,Bishop,05-03-2024
597,Andres,Smith,19-10-2023
598,Douglas,Smith,14-05-2022
599,Robert,Carr,30-10-2022
600,Joseph,Bennett,20-04-2023
601,Roberto,Anthony,01-04-2023
602,Jasmine,Butler,10-02-2023
603,Kristin,Hudson,11-06-2022
604,Michael,Chambers,17-03-2024
605,Mary,Brewer,28-07-2022
606,Kaylee,Cook,03-04-2024
607,Justin,Livingston,24-06-2022
608,Abigail,Newman,25-08-2022
609,Jeffery,Smith,24-07-2023
610,Garrett,Mitchell,05-09-2023
611,Brett,Haney,20-02-2023
612,Scott,Ortega,13-10-2022
613,Justin,Decker,26-06-2022
614,Leslie,French,15-10-2023
615,Juan,Taylor,22-12-2023
616,Patricia,Kemp,11-05-2023
617,Maria,David,06-06-2023
618,Alicia,Moore,14-05-2022
619,Julian,Callahan,17-07-2022
620,Edward,Young,08-03-2023
621,Donald,Adams,29-09-2022
622,Tyler,Sanchez,06-06-2022
623,Oscar,Cohen,27-08-2022
624,Eric,Malone,09-08-2023
625,Jesse,Howard,28-01-2024
626,Frank,Williams,11-11-2022
627,Mark,Smith,07-12-2023
628,Sierra,Vargas,19-03-2024
629,Rose,Collins,27-10-2022
630,Suzanne,Washington,13-12-2022
631,Roberta,Riley,01-01-2023
632,Christopher,Mcpherson,02-03-2023
633,Jennifer,Thompson,30-05-2022
634,Dawn,Bullock,25-05-2022
635,Joseph,Green,30-01-2024
636,Marcus,Davis,17-02-2024
637,Brian,Gardner,25-07-2023
638,Heather,Ward,07-05-2022
639,Cheryl,Graves,17-08-2022
640,Dustin,Fuentes,11-03-2023
641,Christopher,Rodgers,24-04-2023
642,Rebecca,Ramsey,17-04-2022
643,Ian,Lin,16-01-2023
644,Gabriel,Parsons,12-04-2022
645,Corey,Bryan,21-05-2023
646,Larry,Tanner,22-06-2022
647,Andrew,Hall,09-08-2023
648,Traci,Jones,26-11-2022
649,Carla,Hall,02-09-2022
650,Crystal,Parker,19-11-2022
651,Robert,Dawson,24-08-2023
652,Eric,Harris,14-05-2023
653,Tara,Rogers,03-01-2024
654,Katherine,Tate,19-04-2022
655,Raymond,Green,09-02-2023
656,Alex,Donaldson,26-02-2024
657,Mark,Watson,16-06-2023
658,Timothy,Moore,20-08-2022
659,Richard,Sanchez,19-10-2023
660,Richard,Harper,24-03-2024
661,Nicholas,Campbell,08-01-2023
662,Nicholas,Knapp,09-12-2022
663,Jeffrey,Marsh,07-06-2023
664,Dale,Bailey,21-03-2023
665,James,Foster,28-01-2024
666,Charles,Garcia,02-07-2023
667,Jill,Martinez,24-06-2023
668,Michael,Medina,27-12-2023
669,Joseph,Friedman,14-02-2024
670,Carrie,Ellis,04-03-2024
671,Raymond,Aguilar,22-01-2023
672,Nicole,Johnson,26-09-2022
673,Kristine,Rodriguez,21-05-2022
674,Ryan,Lawson,27-03-2023
675,Matthew,Figueroa,25-04-2022
676,Rachel,Jones,24-11-2022
677,Samantha,Palmer,09-09-2022
678,Adriana,Jackson,30-11-2022
679,James,Rivera,19-04-2022
680,Nathaniel,Patterson,17-09-2023
681,Christina,Ryan,17-10-2022
682,Jacob,Oneal,09-01-2024
683,Manuel,Quinn,26-06-2022
684,Crystal,Jacobs,23-02-2023
685,John,King,20-07-2023
686,Juan,Stewart,31-08-2022
687,Heather,Flores,31-03-2023
688,John,Hatfield,16-09-2023
689,Casey,Castro,20-06-2022
690,Patricia,Page,13-09-2023
691,Brooke,Adams,03-11-2022
692,Stephanie,Singh,06-02-2024
693,Casey,Franco,07-03-2023
694,Alexander,Ramos,06-07-2022
695,David,Woods,14-04-2023
696,Renee,Cox,27-05-2023
697,Kenneth,Barker,28-07-2023
698,Tracy,Ingram,02-08-2023
699,Julia,Christian,16-05-2023
700,Nicholas,Cole,27-07-2022
701,Melinda,Young,31-10-2022
702,Brian,Tucker,21-03-2023
703,Annette,King,21-06-2023
704,Charles,Knapp,07-02-2024
705,Megan,Leonard,09-05-2023
706,Tyler,Green,22-11-2022
707,Sandra,Cohen,09-12-2023
708,Charles,Oconnor,22-03-2023
709,Anna,Kaiser,03-08-2023
710,Anthony,Nicholson,10-03-2023
711,Tina,Singleton,25-04-2022
712,Brad,French,26-04-2022
713,Nichole,Butler,24-12-2023
714,Abigail,Johnson,13-08-2023
715,Rebecca,Hartman,30-10-2023
716,Aaron,Moody,14-08-2022
717,James,Davis,25-09-2023
718,Robert,Hampton,03-03-2024
719,Robert,Cook,20-10-2023
720,Joanne,Mcfarland,02-05-2022
721,Roy,Decker,16-11-2023
722,John,Gibbs,03-01-2023
723,Billy,Flynn,14-07-2022
724,Erin,Reed,10-03-2023
725,Sarah,Phillips,26-01-2023
726,Vanessa,Cooper,05-01-2024
727,Sheila,Sanders,02-08-2022
728,Katie,Hopkins,25-06-2023
729,Stacy,Velez,14-09-2023
730,Stephen,Phillips,14-03-2024
731,Linda,Atkins,30-09-2022
732,Jasmine,Meyer,15-02-2024
733,Charles,Huff,13-10-2022
734,Jeffrey,Payne,28-10-2022
735,Carol,Thompson,02-02-2024
736,Ian,Nelson,19-05-2022
737,Tammy,Baker,21-12-2023
738,Margaret,Bryant,29-10-2022
739,Mary,Chen,10-02-2024
740,Sandra,Wolf,09-03-2024
741,Shirley,Guerra,24-08-2022
742,Bethany,Stewart,12-11-2023
743,Dylan,Kim,10-06-2023
744,David,Vargas,19-11-2023
745,Heather,Thomas,07-03-2023
746,Natalie,Johnson,09-12-2023
747,Edward,Miller,11-06-2023
748,Andrew,Johnson,19-03-2023
749,Wayne,Anderson,10-11-2022
750,Russell,Valdez,15-10-2023
751,Stacy,Diaz,30-01-2023
752,Carol,Keller,13-01-2024
753,Dustin,Montoya,17-01-2023
754,Michael,Moore,13-02-2023
755,David,Burgess,04-10-2022
756,Katherine,Simmons,11-06-2023
757,Sonya,Galloway,11-09-2023
758,Dean,Moore,21-07-2023
759,Eric,Johnson,10-09-2022
760,Sharon,Suarez,22-09-2023
761,Gary,Fox,04-10-2023
762,Stephen,Young,15-05-2023
763,Brittany,Cunningham,13-02-2024
764,Amanda,Lynch,07-02-2024
765,David,Olsen,28-10-2022
766,Matthew,Wright,20-07-2023
767,Debbie,Hernandez,27-04-2023
768,Leonard,Gonzalez,25-05-2022
769,Hector,Wallace,21-01-2024
770,Jesus,Dillon,20-06-2022
771,Chelsea,Jackson,28-03-2024
772,Jacob,Gibson,19-03-2024
773,George,Arnold,21-11-2022
774,Chloe,Marsh,05-02-2024
775,Debbie,Smith,17-03-2023
776,Anthony,Gomez,25-12-2023
777,Morgan,Taylor,25-02-2024
778,Scott,Lamb,06-09-2022
779,Katrina,Francis,01-02-2024
780,John,Dixon,02-04-2023
781,Anna,Miller,01-06-2022
782,Karen,Schroeder,07-05-2023
783,Hunter,Burke,08-09-2023
784,Kristina,Silva,24-01-2023
785,Jeffrey,Avila,21-03-2023
786,Kathryn,Hinton,13-06-2023
787,Joan,Kaiser,10-02-2023
788,Billy,Weaver,22-03-2023
789,Darren,Reyes,07-06-2023
790,Carlos,King,27-01-2024
791,Annette,Farley,12-01-2023
792,Christine,Meyers,17-11-2023
793,Stephanie,Johnson,12-02-2024
794,Maurice,Atkins,06-05-2022
795,Ariel,Jacobs,07-08-2022
796,Curtis,Hoffman,09-08-2023
797,Miranda,Zuniga,08-06-2022
798,Monica,Stein,27-06-2023
799,Amanda,Bennett,06-03-2023
800,Brianna,Jenkins,05-08-2022
801,Jason,Gillespie,01-07-2022
802,Carlos,Cooper,18-12-2023
803,Kevin,Sharp,23-06-2022
804,Sarah,Watts,26-02-2024
805,Daniel,Wagner,31-05-2022
806,Anthony,Ray,05-05-2023
807,Amy,Raymond,02-11-2022
808,Marcus,Foster,24-12-2023
809,Andrew,Horton,31-08-2023
810,David,Camacho,16-11-2023
811,Shannon,Gonzalez,02-01-2024
812,Edward,Foster,07-01-2024
813,Elizabeth,Jefferson,19-11-2022
814,Geoffrey,Ortiz,16-07-2022
815,Kevin,Harris,05-02-2024
816,Robin,Howard,25-04-2023
817,Larry,Myers,04-12-2023
818,Erika,Thomas,19-10-2023
819,Mike,Watson,28-07-2022
820,Alan,Myers,31-12-2023
821,Victoria,Pruitt,05-10-2023
822,Troy,Austin,13-10-2022
823,Julie,Le,27-10-2023
824,Carrie,Mathis,24-10-2023
825,Gwendolyn,Conley,01-04-2024
826,Jacob,Lee,20-08-2023
827,Wendy,Sexton,10-06-2023
828,Mark,Johnson,26-08-2022
829,Kevin,Bates,23-11-2023
830,Amanda,Rogers,04-07-2023
831,James,Carter,04-01-2024
832,Karen,Robinson,15-02-2024
833,Jill,Brown,29-04-2023
834,Deborah,Ward,18-01-2024
835,Valerie,Weaver,20-02-2024
836,Kimberly,Gray,29-11-2023
837,Fred,Strong,07-04-2024
838,Monique,Dixon,08-09-2023
839,Megan,Barker,20-08-2022
840,Monica,Fowler,21-06-2023
841,Jennifer,Paul,13-04-2023
842,Jennifer,Moore,12-01-2024
843,Jessica,Murphy,24-08-2023
844,Harold,Zhang,22-05-2022
845,Tabitha,Olsen,15-03-2023
846,Anthony,Wallace,10-01-2023
847,Katherine,Elliott,15-10-2022
848,Kevin,Mcgee,05-03-2024
849,Christina,Dalton,26-09-2023
850,Andrea,Gentry,14-06-2022
851,James,Crawford,18-08-2022
852,Ellen,Ingram,19-12-2023
853,Justin,Hill,22-10-2022
854,Darlene,Morrison,31-01-2024
855,Thomas,Chavez,05-01-2023
856,Mark,Sosa,21-10-2023
857,Brenda,Trujillo,28-01-2023
858,Shannon,Williams,22-12-2023
859,Erica,Daniel,13-09-2023
860,Robert,Stephens,01-02-2023
861,Candice,Brown,14-08-2023
862,Anthony,Miranda,05-05-2022
863,Andrew,Curry,10-09-2022
864,Alexa,Ball,29-12-2023
865,Robin,Rose,21-03-2024
866,Brittany,Robinson,27-12-2022
867,Joseph,Rosales,12-02-2023
868,Beth,Powell,04-01-2024
869,Katie,Buck,12-08-2022
870,Stacy,Carr,29-06-2022
871,Corey,Horn,12-10-2023
872,Carlos,Downs,07-05-2023
873,Tanya,Krueger,22-02-2024
874,Gary,Franklin,26-04-2022
875,Shelby,Daugherty,02-08-2023
876,Dana,Wilkins,23-09-2022
877,Carrie,Mitchell,05-07-2023
878,Michael,West,03-12-2022
879,Jerry,Kane,08-03-2023
880,Nicole,Chavez,12-06-2022
881,Emily,Daniels,28-11-2022
882,Shelly,Allen,31-08-2023
883,Patrick,Smith,14-09-2022
884,Daniel,Parker,26-09-2022
885,Steve,Baker,07-06-2022
886,Rhonda,Baker,28-05-2022
887,David,Taylor,04-11-2023
888,Renee,West,23-04-2022
889,David,Saunders,07-10-2022
890,Blake,Paul,06-09-2022
891,Michael,Rivera,09-11-2022
892,Robert,Morgan,13-09-2023
893,Anne,Wood,30-09-2022
894,Kelly,Baker,25-10-2023
895,Susan,Taylor,29-03-2023
896,William,West,17-04-2023
897,Amber,Fernandez,24-04-2023
898,Kyle,Harmon,21-01-2024
899,Mary,Mcdonald,29-06-2022
900,Catherine,Mitchell,02-09-2022
901,Sean,Boyle,01-10-2023
902,Jeremy,Lawrence,29-11-2023
903,Susan,Green,11-12-2023
904,Robert,Salas,25-03-2024
905,Kerri,Davis,23-03-2024
906,Erica,Ballard,24-12-2022
907,Gary,Gonzalez,08-06-2022
908,Lisa,James,16-10-2022
909,Andrea,Pierce,12-11-2022
910,Jamie,Dougherty,01-01-2024
911,James,Clements,01-03-2024
912,Melissa,Gray,09-03-2023
913,Rita,Bell,04-12-2022
914,Natalie,Holt,20-04-2022
915,Cynthia,Stevens,20-04-2022
916,Brittany,Holmes,25-11-2022
917,Mark,Clay,12-03-2023
918,Maria,Rhodes,05-09-2022
919,Michael,Roberts,09-02-2023
920,Donna,Johnston,21-07-2023
921,Amy,Ortiz,26-02-2023
922,Tyler,Marshall,23-06-2022
923,Kelly,Schultz,02-05-2022
924,Derek,Chan,03-04-2023
925,Jesse,Ryan,10-01-2024
926,Ryan,Jacobson,29-11-2022
927,Cynthia,Washington,08-04-2023
928,Derek,Harris,14-10-2023
929,John,Simmons,30-10-2022
930,George,Pham,05-06-2022
931,Loretta,Lopez,03-05-2023
932,Alan,Hicks,07-05-2022
933,Raymond,Reyes,28-05-2023
934,Joanne,Roth,24-04-2023
935,Theresa,Harris,03-11-2022
936,David,Ruiz,11-02-2024
937,Michele,Hernandez,12-03-2023
938,Steven,Lee,16-01-2024
939,Beth,Stewart,02-12-2022
940,Harry,Gray,20-11-2023
941,Amanda,Flowers,06-05-2022
942,Julia,Ward,10-06-2023
943,Brett,Campbell,28-06-2022
944,Caitlin,Kennedy,08-01-2023
945,Alan,Manning,08-03-2023
946,Elizabeth,Sims,12-06-2023
947,Christine,Silva,14-02-2023
948,Hannah,Wilson,01-06-2022
949,Margaret,Skinner,24-01-2024
950,Randy,Herrera,02-08-2022
951,Erin,Odom,01-04-2023
952,Angela,Garcia,16-06-2023
953,Stephen,Price,24-08-2022
954,Kimberly,Cantu,11-02-2023
955,Kristopher,Bowers,13-04-2022
956,David,Nunez,11-05-2023
957,Renee,Roman,10-09-2022
958,Rebecca,Martinez,23-09-2023
959,Donald,George,05-10-2023
960,Lisa,Anderson,23-07-2023
961,Keith,Klein,19-03-2024
962,Yesenia,Gill,17-09-2022
963,Amanda,Hatfield,08-01-2023
964,Angel,Davenport,03-08-2023
965,Allison,Peterson,23-02-2023
966,Robyn,Robinson,22-10-2023
967,Susan,Owen,21-11-2022
968,Haley,Horn,20-04-2022
969,James,Richard,22-11-2023
970,Brian,Delacruz,06-07-2022
971,Christina,Barber,06-02-2023
972,Barbara,Abbott,29-07-2023
973,Dean,Lyons,24-11-2022
974,Shane,Smith,22-02-2023
975,Christopher,Smith,17-05-2023
976,Jennifer,Harris,05-06-2023
977,Amber,George,13-03-2023
978,Timothy,Rivera,27-10-2022
979,Jose,Harris,18-04-2022
980,Jessica,Jones,02-04-2023
981,Steven,Young,21-05-2022
982,Gavin,Williams,06-11-2023
983,Karen,Hopkins,04-05-2022
984,Ashley,Duffy,31-08-2022
985,John,Pratt,25-04-2022
986,Kristy,Rowe,21-04-2022
987,Jason,Richardson,17-01-2023
988,Vanessa,Keith,22-10-2022
989,Debbie,Lam,24-12-2023
990,Heather,Willis,15-04-2022
991,Scott,Kelly,26-01-2023
992,Christopher,Banks,13-08-2022
993,Anita,Walker,22-01-2023
994,Janet,Graham,03-01-2024
995,Morgan,Scott,28-10-2022
996,Norman,Roberts,04-08-2022
997,Carla,Black,11-10-2022
998,Michael,Scott,13-04-2022
999,Jennifer,Jones,22-08-2023
1000,Lisa,Holland,12-01-2024
1001,Juan,Ferguson,12-12-2023
1002,Christopher,Fowler,03-02-2023
1003,Lance,Li,07-01-2023
1004,Kyle,Mendez,19-04-2022
1005,John,Rodriguez,03-12-2022
1006,Stephen,Peck,05-05-2022
1007,Amy,Hester,21-09-2022
1008,Wanda,Phillips,24-07-2022
1009,Wendy,Davis,11-10-2023
1010,James,Mcdaniel,14-08-2022
1011,Eduardo,Gibson,14-02-2024
1012,Kristopher,Livingston,27-10-2023
1013,Jennifer,Ochoa,28-05-2022
1014,Rebecca,Carpenter,22-10-2023
1015,Suzanne,Hart,23-04-2023
1016,Christopher,Gutierrez,29-01-2024
1017,Sierra,Jones,28-01-2024
1018,Jamie,Bell,26-10-2022
1019,Claire,Taylor,11-11-2023
1020,Rachel,Salazar,27-07-2023
1021,Matthew,Patel,05-09-2022
1022,Marcus,Bauer,05-09-2022
1023,Patricia,Gonzales,20-11-2022
1024,Angela,Martinez,19-01-2024
1025,Aaron,Faulkner,02-02-2024
1026,Anthony,Houston,27-12-2022
1027,Michael,Rodriguez,16-02-2024
1028,Sandra,Smith,05-10-2022
1029,Regina,Martinez,09-05-2022
1030,Timothy,Jones,23-06-2023
1031,Scott,Taylor,03-03-2023
1032,Robert,Love,05-04-2023
1033,Kimberly,Vargas,05-02-2023
1034,Yolanda,Mathis,24-03-2023
1035,Jamie,Pollard,20-03-2023
1036,Donald,Smith,26-02-2023
1037,Laura,Hobbs,25-01-2024
1038,Javier,Austin,29-11-2023
1039,Tracy,Evans,18-04-2022
1040,Jessica,Fletcher,09-05-2022
1041,Michael,Adams,10-02-2023
1042,Joseph,Shaw,22-02-2024
1043,Pamela,Fletcher,22-10-2022
1044,Brandy,Adams,16-12-2023
1045,Candace,Rodriguez,16-06-2022
1046,Brian,Smith,26-11-2023
1047,Linda,Donaldson,07-06-2022
1048,Glenda,Flowers,10-02-2024
1049,Leah,Chen,01-09-2023
1050,Jacqueline,Fischer,19-10-2022
1051,Anna,Horton,29-01-2023
1052,Kaitlin,Vaughan,21-07-2022
1053,Shannon,Figueroa,15-02-2023
1054,Leslie,Moon,21-10-2022
1055,Eric,Perkins,03-08-2022
1056,Brent,Jenkins,05-05-2023
1057,Daniel,Robles,11-04-2023
1058,Laurie,Stephens,19-03-2024
1059,Sarah,Moore,25-07-2022
1060,Larry,Hernandez,20-06-2022
1061,Alexandra,Dunlap,31-10-2022
1062,Judy,White,09-08-2022
1063,Kimberly,Diaz,02-01-2023
1064,Jacob,Campbell,23-05-2022
1065,Mark,Coleman,03-04-2024
1066,Matthew,Velasquez,16-07-2023
1067,Randall,Randall,25-11-2022
1068,Nicholas,Lopez,09-07-2023
1069,Lisa,Gonzalez,22-12-2023
1070,Ryan,Blair,06-04-2023
1071,Vanessa,Guzman,05-01-2023
1072,Isaiah,Armstrong,22-03-2024
1073,Angela,Brown,02-02-2024
1074,Nathaniel,Miller,24-09-2022
1075,Laura,Rose,14-07-2022
1076,Greg,Adams,20-09-2023
1077,Marcus,Palmer,24-09-2023
1078,Michael,Rhodes,05-06-2023
1079,Daniel,King,16-12-2023
1080,Richard,Crane,24-12-2022
1081,Tiffany,Morgan,01-05-2022
1082,Stephanie,Mccoy,15-01-2023
1083,Joshua,Torres,11-10-2023
1084,Laurie,Martinez,21-06-2022
1085,Pamela,Mayer,21-07-2022
1086,Benjamin,Williams,02-12-2023
1087,Gabriela,Robles,19-03-2024
1088,Jacqueline,Jones,26-08-2023
1089,Monique,Davis,13-09-2022
1090,Michael,Jimenez,07-03-2024
1091,Amy,Alvarez,12-03-2024
1092,Peter,Figueroa,26-12-2022
1093,Steven,Knight,18-08-2022
1094,Russell,Alvarez,26-09-2022
1095,John,Delgado,28-05-2022
1096,Michelle,Hendricks,07-02-2023
1097,Michele,Stevens,25-05-2023
1098,William,Anderson,01-11-2022
1099,Ivan,Martin,21-11-2022
1100,Robert,Cohen,07-01-2023
1101,Jeffrey,Chavez,06-01-2023
1102,Joshua,Williams,29-06-2022
1103,Steven,Diaz,29-08-2022
1104,Lisa,Garcia,26-08-2023
1105,Andrew,Jones,14-12-2022
1106,Kenneth,Orozco,18-07-2022
1107,Melanie,Zimmerman,08-02-2023
1108,William,Sanchez,20-06-2022
1109,Joshua,Taylor,09-04-2023
1110,Arthur,Holt,04-11-2022
1111,Keith,Matthews,02-01-2023
1112,Erin,Stuart,13-05-2022
1113,Frank,Grant,22-01-2024
1114,Jacqueline,Spencer,15-06-2023
1115,Robert,Alexander,02-03-2024
1116,Alvin,Anderson,27-12-2023
1117,Heather,Lewis,14-11-2023
1118,Autumn,Rosales,02-07-2022
1119,Anthony,Jennings,24-11-2023
1120,Kathryn,Schmidt,12-06-2023
1121,James,Schneider,12-01-2024
1122,Amy,King,12-01-2023
1123,Kevin,Mosley,26-03-2024
1124,Courtney,Evans,25-02-2023
1125,John,Jenkins,06-09-2023
1126,Kristin,Farmer,28-04-2022
1127,Robin,Bates,16-01-2024
1128,Katherine,Pittman,20-08-2022
1129,David,Evans,26-12-2022
1130,Jessica,Jones,12-06-2023
1131,Jeffrey,Jennings,24-06-2022
1132,Jeffrey,Salinas,12-12-2023
1133,Jennifer,Scott,24-03-2024
1134,Nicole,Clark,15-02-2023
1135,Julia,Andrews,25-12-2023
1136,Michael,Cannon,24-08-2023
1137,Ruth,Gray,28-07-2022
1138,David,Underwood,01-02-2023
1139,Kristina,Freeman,02-04-2024
1140,Kevin,Mcneil,27-04-2022
1141,Christopher,King,23-07-2023
1142,Lydia,Mcdonald,04-01-2024
1143,Jennifer,Herrera,31-05-2023
1144,Stephen,Parker,05-02-2024
1145,Zachary,Mora,27-06-2023
1146,Rachel,Castillo,26-09-2023
1147,Holly,Odonnell,07-03-2024
1148,Karen,Paul,12-04-2023
1149,Debra,Klein,28-03-2024
1150,Anthony,Alvarez,02-03-2023
1151,Kevin,Gaines,08-01-2024
1152,Kevin,Jones,14-04-2023
1153,Christina,Bowen,22-09-2023
1154,Michael,Cooper,03-07-2022
1155,Elizabeth,Miller,21-10-2022
1156,Maria,Ortiz,22-08-2023
1157,Katherine,Johnson,26-05-2022
1158,Mark,Sheppard,25-12-2022
1159,Clinton,Rivera,07-04-2023
1160,Gabriella,Whitehead,08-12-2022
1161,Maria,Mills,22-02-2024
1162,Lori,Roman,20-03-2023
1163,Joshua,Davis,17-07-2023
1164,Billy,Robertson,23-09-2022
1165,Tony,Love,12-02-2024
1166,Jon,Brown,26-06-2023
1167,Kathy,Brown,23-10-2023
