company_id,company_name,industry,profile_created_on
1,Brandt-Burns,Tech,29-03-2024
2,"Martin, Martinez and Spencer",Education,07-01-2024
3,Curtis-Odonnell,Healthcare,19-03-2023
4,Evans-Stokes,Healthcare,14-03-2023
5,"Oneal, Mitchell and Harper",Healthcare,04-02-2024
6,"Berry, Hendricks and Gregory",Healthcare,19-12-2022
7,Bean-Larsen,Healthcare,04-07-2023
8,Montgomery-Le,Healthcare,07-10-2022
9,Clark-Fowler,Finance,22-08-2022
10,Nichols-Hernandez,Retail,10-03-2023
11,"Lopez, Alexander and Jones",Healthcare,13-08-2022
12,"Lynn, Wood and Bailey",Education,22-03-2023
13,Rogers-Nguyen,Finance,04-09-2022
14,Bryant Inc,Healthcare,23-10-2023
15,"Bennett, Webster and Munoz",Education,09-04-2024
16,Marshall LLC,Retail,17-12-2023
17,"Gonzalez, Taylor and Gardner",Finance,15-10-2022
18,Lynch PLC,Retail,12-12-2022
19,Krause-Osborne,Education,10-03-2023
20,Shelton-Stewart,Retail,12-05-2022
21,Lewis-Jackson,Education,29-10-2023
22,Moreno-Wright,Retail,03-12-2023
23,"Estes, Gibson and Perez",Tech,05-10-2022
24,Weaver-Cunningham,Retail,16-06-2022
25,Scott PLC,Education,03-12-2022
26,"Scott, Martin and Marsh",Tech,10-01-2024
27,West and Sons,Finance,07-09-2022
28,Holloway Ltd,Retail,20-06-2023
29,Gaines-Salinas,Healthcare,13-06-2023
30,Parks Inc,Education,27-08-2022
31,Austin-Brown,Education,19-04-2022
32,"Vargas, Pham and Russell",Finance,06-08-2022
33,Weiss Group,Education,29-12-2022
34,"Smith, Parker and Stanley",Healthcare,12-12-2023
35,White-Brown,Education,20-10-2023
36,Cochran LLC,Retail,20-01-2023
37,"Jones, Banks and Morales",Education,19-11-2023
38,Carey-Summers,Finance,20-03-2024
39,"Smith, Gutierrez and Harris",Finance,15-03-2024
40,"Holmes, Benton and Parsons",Retail,23-11-2022
41,"Hardy, Hodge and Alvarez",Finance,24-10-2022
42,Reed-Randolph,Retail,31-12-2022
43,"Lopez, Green and Woods",Finance,12-05-2023
44,"Curtis, Porter and Jackson",Tech,07-03-2024
45,Hogan Inc,Education,19-10-2022
46,Fuentes Ltd,Tech,04-12-2023
47,Mcdaniel-Coleman,Tech,16-07-2023
48,Poole Inc,Finance,18-03-2024
49,Wagner LLC,Tech,19-10-2022
50,Williams-Mejia,Tech,15-08-2022
51,Webb and Sons,Healthcare,16-12-2022
52,"Maldonado, Harris and Carpenter",Healthcare,18-01-2023
53,White-Curry,Finance,17-03-2023
54,Ware PLC,Healthcare,11-08-2023
55,Jones-Donaldson,Education,12-06-2022
56,Foster LLC,Retail,09-01-2023
57,Webster Group,Tech,27-06-2023
58,Ryan-Thomas,Healthcare,21-09-2022
59,Dickerson Inc,Tech,17-10-2023
60,Martin-Weaver,Education,04-02-2024
61,Dixon-Wise,Education,05-09-2023
62,"Holloway, Henderson and Clark",Retail,19-06-2023
63,"Wilcox, Anderson and Becker",Retail,04-07-2022
64,"Shaw, Marshall and Harris",Healthcare,14-02-2023
65,Hughes-Harrison,Retail,19-06-2022
66,Lawrence-Christian,Education,03-05-2023
67,Peters-Hobbs,Retail,15-04-2023
68,Thornton-Willis,Finance,21-03-2023
69,Ramsey Group,Finance,06-07-2022
70,Raymond-Reyes,Healthcare,20-05-2022
71,"Johnson, Stevens and Figueroa",Healthcare,27-04-2023
72,Stokes Ltd,Education,22-10-2023
73,"Jones, Watkins and Sutton",Education,23-01-2023
74,"Thompson, Jackson and Orozco",Finance,20-11-2023
75,Davis and Sons,Healthcare,23-07-2023
76,Campbell PLC,Healthcare,31-08-2023
77,Cruz-Suarez,Education,24-11-2022
78,Thomas Ltd,Healthcare,21-11-2023
79,Pham-Reyes,Retail,12-11-2023
80,Singh Group,Retail,14-12-2022
81,Benitez Group,Finance,20-12-2022
82,"French, Clayton and Butler",Retail,16-08-2023
83,Lawrence Ltd,Education,07-03-2024
84,Miller Ltd,Education,20-04-2022
85,"Gallegos, Atkinson and Nelson",Tech,04-05-2022
86,Atkins and Sons,Tech,17-12-2022
87,Nelson Inc,Finance,21-09-2022
88,Espinoza Ltd,Retail,22-04-2023
89,Hall Ltd,Tech,10-05-2023
90,Hansen Inc,Retail,06-01-2024
91,Tran and Sons,Finance,20-04-2022
92,Tran-Choi,Tech,21-05-2023
93,"Hahn, Moore and Kent",Healthcare,13-08-2023
94,Evans-Yu,Healthcare,03-01-2024
95,"Mitchell, Williams and Macias",Education,10-10-2022
96,"Watson, Roberts and Stephenson",Retail,11-07-2022
97,Sampson PLC,Tech,20-03-2024
98,Gutierrez-Vazquez,Tech,25-01-2024
99,"Evans, Perry and Matthews",Healthcare,10-12-2022
100,"Vazquez, Ferrell and Winters",Finance,08-03-2024
101,Reid-Lindsey,Healthcare,18-10-2023
102,Stephenson-Beard,Retail,19-12-2022
103,"Oconnell, Stewart and Lewis",Retail,24-08-2022
104,Bean-Price,Tech,20-05-2023
105,Simpson-Steele,Retail,23-01-2024
106,Miller-Clark,Education,12-02-2023
107,Haas-Walsh,Tech,12-03-2023
108,"Martinez, Barrett and Reed",Tech,01-06-2022
109,West Group,Healthcare,23-01-2023
110,"Mcdonald, Cantu and Robles",Finance,06-02-2023
111,"Payne, Smith and Hooper",Tech,21-08-2023
112,Fields LLC,Retail,06-05-2022
113,Liu-Jones,Education,22-06-2023
114,Lewis Group,Finance,10-11-2022
115,"Allen, Collier and Garcia",Finance,02-10-2023
116,Brown-Schmidt,Healthcare,08-11-2023
117,"Clark, Jenkins and Sims",Finance,06-09-2023
118,"Garcia, Mendez and Haynes",Healthcare,28-05-2022
119,"Gonzalez, Phillips and Williams",Healthcare,22-06-2023
120,"Ryan, Wyatt and Wells",Finance,16-02-2023
121,"Travis, Garcia and Jennings",Retail,04-07-2023
122,Richards Inc,Finance,02-12-2022
123,Barrett LLC,Healthcare,11-07-2023
124,Woodard PLC,Tech,21-02-2024
125,Rosario Inc,Retail,18-07-2022
126,Diaz-Thompson,Education,04-09-2022
127,"Patel, Calderon and Valenzuela",Tech,03-06-2022
128,"Herrera, Acosta and Moyer",Retail,06-11-2023
129,Jimenez and Sons,Education,19-02-2023
130,"Brown, Turner and Mann",Tech,22-11-2022
131,Novak and Sons,Education,22-12-2023
132,Martinez-Stewart,Tech,11-02-2024
133,Ortega Ltd,Tech,06-09-2023
134,"Snyder, Sanders and Miller",Retail,05-08-2023
135,Ramsey-Hayes,Education,16-08-2022
136,"Wright, Colon and Hood",Retail,06-12-2023
137,Fitzgerald-Mooney,Retail,16-07-2022
138,West-Gallagher,Finance,07-06-2023
139,Randolph PLC,Healthcare,09-06-2023
140,Michael LLC,Tech,24-07-2022
141,"Marquez, Lynch and Wise",Tech,23-09-2023
142,Morris PLC,Education,21-01-2024
143,Warren LLC,Healthcare,12-10-2023
144,David Ltd,Retail,06-10-2023
145,Rodriguez-Moore,Retail,06-01-2023
146,Glover-Collins,Tech,04-01-2023
147,"Griffin, Kirk and Bowen",Retail,11-04-2024
148,Adams PLC,Finance,07-09-2023
149,"Lucas, Hobbs and Ingram",Retail,30-04-2023
150,Duffy Ltd,Finance,30-05-2023
151,Mccormick-Hicks,Finance,08-12-2023
152,Shepherd-Rojas,Tech,18-04-2023
153,"Koch, Monroe and Vang",Finance,06-07-2022
154,Armstrong-Harris,Healthcare,13-03-2023
155,Rogers PLC,Retail,05-03-2024
156,Ferrell-Gray,Finance,29-11-2023
157,Hansen LLC,Retail,12-02-2023
158,"Wilson, Gonzales and Gates",Finance,28-07-2023
159,Ramirez PLC,Healthcare,27-04-2023
160,Booth-Sanders,Finance,10-02-2023
161,Gutierrez Group,Retail,25-01-2023
162,"Dixon, Walters and Ingram",Education,06-04-2023
163,"Harrison, Clark and Miller",Retail,05-06-2022
164,"Wells, Mcconnell and Perez",Retail,01-07-2023
165,Ellis-Washington,Education,09-08-2022
166,Short-Bradford,Finance,19-11-2023
167,"Crawford, Webb and Williams",Healthcare,08-03-2023
168,Holmes Ltd,Healthcare,04-05-2022
169,Black-Benjamin,Finance,16-08-2022
170,Manning-Cooper,Retail,07-11-2023
171,Huang-Davis,Finance,15-12-2022
172,"Wells, White and Howell",Education,18-07-2023
173,Edwards Group,Healthcare,03-08-2022
174,Brown-Williams,Education,07-07-2023
175,Mitchell-Jones,Healthcare,08-09-2022
176,Gutierrez Ltd,Finance,01-12-2022
177,"Owens, Scott and Newton",Finance,31-01-2023
178,Hart-Meadows,Retail,01-11-2022
179,Pratt-Everett,Finance,01-08-2022
180,Melton-Hayes,Healthcare,13-02-2024
181,English PLC,Finance,19-02-2023
182,Romero and Sons,Education,03-05-2022
183,Roberts-Dean,Retail,24-12-2022
184,"Ramos, Adams and Macdonald",Tech,24-03-2023
185,Pacheco Ltd,Education,10-04-2024
186,Weber LLC,Education,30-05-2022
187,"Russell, Jackson and Moore",Tech,24-08-2023
188,Thornton Group,Finance,17-02-2023
189,"Richardson, Lambert and Fox",Tech,25-06-2023
190,"Lang, Evans and Miller",Tech,27-06-2022
191,"Hood, Kelly and Dickson",Education,16-06-2022
192,"Henry, Roberts and Hendrix",Retail,25-05-2023
193,"Giles, Medina and Jones",Healthcare,30-01-2023
194,Shelton-Miles,Finance,07-03-2024
195,"Hall, Hardin and Clark",Tech,04-05-2022
196,Mejia Group,Tech,03-02-2023
197,Ho LLC,Tech,26-07-2022
198,Terry-Bailey,Tech,09-03-2024
199,Howard-Bailey,Education,31-10-2022
200,"Miller, Sanders and Foley",Retail,04-07-2023
201,Quinn PLC,Finance,07-03-2024
202,Atkins Inc,Healthcare,24-01-2024
203,Holmes-Lloyd,Education,20-08-2022
204,Hill-Faulkner,Finance,06-01-2024
205,"Mitchell, Brown and Navarro",Healthcare,24-09-2022
206,Collins-Williams,Education,01-08-2023
207,Miranda Inc,Education,15-03-2024
208,"Willis, Woods and Boyd",Tech,29-11-2023
209,Abbott LLC,Retail,09-12-2022
210,"Martin, Cordova and Mayo",Finance,15-10-2023
211,Davis-Moore,Retail,17-07-2022
212,Gilbert-Mendez,Retail,13-05-2023
213,Garrett-Blair,Tech,06-08-2022
214,Wiggins-Clarke,Education,29-10-2022
215,Sandoval and Sons,Retail,05-12-2022
216,Morrison Group,Finance,25-08-2023
217,Nichols LLC,Healthcare,12-10-2022
218,"Hamilton, Lopez and Lopez",Tech,16-04-2023
219,Kim-Scott,Retail,23-08-2023
220,Olson-Ruiz,Education,02-03-2023
221,"Elliott, Jackson and Schultz",Healthcare,20-05-2022
222,Gomez Group,Tech,25-05-2022
223,"Young, Brown and Miller",Tech,01-03-2023
224,Green PLC,Education,07-03-2024
225,"Nguyen, Wright and Taylor",Finance,08-03-2023
226,Ho and Sons,Retail,24-10-2022
227,"Davis, Bell and Fisher",Retail,24-04-2022
228,"Johnson, Wheeler and Cooper",Education,21-11-2022
229,Buchanan-Maddox,Tech,10-11-2023
230,Gomez LLC,Retail,02-01-2023
231,Brown Inc,Finance,13-04-2023
232,Moore LLC,Retail,23-01-2023
233,"Henson, Frank and Braun",Retail,28-04-2023
234,Frank-Simmons,Education,23-06-2023
235,Lyons-Merritt,Tech,19-07-2023
236,Hall Group,Finance,01-06-2022
237,"Andrews, Moore and Hall",Finance,13-05-2022
238,Greene Ltd,Finance,28-07-2022
239,Garcia-Byrd,Healthcare,09-02-2024
240,Kline-Cruz,Finance,02-07-2023
241,Cruz-Ochoa,Education,14-07-2023
242,Hart Group,Tech,19-06-2022
243,Young Ltd,Healthcare,05-07-2022
244,Gutierrez LLC,Education,17-04-2023
245,"Gilbert, Gonzalez and Robertson",Healthcare,16-08-2023
246,Hodges and Sons,Education,16-04-2022
247,Johns-Fuller,Tech,24-11-2023
248,Martinez Inc,Healthcare,30-05-2023
249,Moon-Richardson,Healthcare,10-09-2023
250,"Stanley, Clark and Vaughan",Healthcare,07-12-2023
251,Hood-Mccarthy,Finance,04-02-2023
252,Wilson-Williams,Tech,10-10-2023
253,Lopez-Lawrence,Retail,10-05-2023
254,Johnson and Sons,Healthcare,10-02-2024
255,"Cline, Oconnor and Martin",Tech,25-06-2023
256,Sanders Inc,Healthcare,17-02-2023
257,"Nelson, Koch and Kelly",Tech,04-10-2022
258,"Wilson, Mccoy and Stewart",Finance,17-07-2023
259,Bradley-Smith,Tech,06-01-2024
260,Oconnor Group,Education,10-09-2023
261,"Atkinson, Weber and Carter",Retail,28-01-2024
262,Fields Inc,Finance,14-05-2023
263,Scott and Sons,Finance,18-09-2023
264,Andrews-Armstrong,Healthcare,30-03-2024
265,Oneill-Hall,Education,26-05-2022
266,Schaefer Ltd,Finance,15-10-2022
267,Stevens Group,Finance,14-01-2023
268,Keith Inc,Tech,28-03-2024
269,Williams-Carter,Finance,12-05-2023
270,White-Padilla,Tech,15-10-2022
271,Odom-Carlson,Healthcare,20-03-2024
272,Brown and Sons,Retail,02-01-2023
273,Scott LLC,Healthcare,08-11-2022
274,Bean-Quinn,Education,14-12-2023
275,Powers-Fernandez,Tech,06-02-2023
276,"Fowler, Hicks and Proctor",Education,16-12-2023
277,Flowers-Wyatt,Education,16-02-2024
278,Johnson-Juarez,Retail,14-02-2024
279,"Williams, Parker and Gomez",Finance,04-09-2023
280,Wilson-Smith,Finance,21-11-2022
281,Wilson Ltd,Education,27-05-2023
282,"Bryant, Jones and Jones",Retail,11-03-2024
283,Ferguson and Sons,Healthcare,21-07-2023
284,Kelly-Flores,Healthcare,17-09-2022
285,"Gutierrez, Pineda and Valenzuela",Finance,25-03-2023
286,Burke-Smith,Retail,20-08-2022
287,Reed Group,Finance,04-11-2022
288,"Scott, Gomez and Brown",Healthcare,22-07-2023
289,Lopez Group,Education,12-03-2024
290,Lopez Group,Tech,14-01-2024
291,"Mills, Martinez and Burgess",Tech,23-08-2022
292,Brown LLC,Education,31-10-2022
293,Solis-Blackburn,Education,28-02-2023
294,"Sanchez, Hickman and Williams",Healthcare,01-02-2024
295,Williams and Sons,Tech,16-02-2024
296,Robbins-Johnson,Retail,21-07-2023
297,"Smith, Williamson and Hines",Tech,04-04-2024
298,"Patterson, Hernandez and Hamilton",Tech,24-10-2023
299,"Ramirez, Wood and Evans",Tech,04-10-2022
300,Smith-Vega,Tech,18-09-2022
301,Ward-Ewing,Tech,28-06-2023
302,Wilson-Mills,Tech,09-01-2023
303,"Bryant, Brown and Cohen",Education,25-10-2023
304,"Campbell, Roberts and Khan",Finance,10-09-2022
305,Kim LLC,Education,04-09-2022
306,Butler-Ramirez,Healthcare,02-10-2023
307,Hurley Group,Retail,29-01-2024
308,"Gregory, Jones and Kerr",Healthcare,12-08-2022
309,Villegas Inc,Finance,18-06-2022
310,"Craig, Edwards and Thompson",Healthcare,22-01-2023
311,"Walsh, Fowler and Goodwin",Retail,26-06-2022
312,"Carlson, Lane and Vincent",Healthcare,13-06-2022
313,"Thomas, Taylor and Jones",Education,13-10-2023
314,Santiago-Marquez,Retail,06-12-2022
315,Livingston-Hobbs,Retail,13-09-2023
316,"Herrera, Stafford and Farmer",Retail,01-11-2023
317,Doyle-Coleman,Tech,28-01-2023
318,Page Ltd,Healthcare,17-07-2022
319,"Cruz, Harris and Dillon",Tech,18-07-2023
320,"Anderson, Turner and Hartman",Finance,05-02-2023
321,Hudson-Evans,Education,11-04-2023
322,Stephens-Owens,Finance,11-02-2023
323,Campbell LLC,Retail,10-09-2022
324,Woods Inc,Tech,10-04-2024
325,"Chapman, Jenkins and Johnson",Education,28-11-2022
326,Hawkins LLC,Healthcare,05-08-2022
327,Hamilton-Kent,Education,13-02-2023
328,Pacheco Ltd,Tech,03-12-2023
329,Martinez Group,Finance,21-01-2023
330,Brown-Valentine,Retail,15-07-2022
331,Ferguson PLC,Tech,13-02-2023
332,"Diaz, Thomas and Perry",Healthcare,20-04-2022
333,Bailey-Ward,Healthcare,27-05-2022
334,"Norris, Cooley and Hoffman",Education,23-06-2022
335,Alvarez PLC,Finance,19-06-2022
336,Rivers-Chandler,Retail,21-07-2022
337,Leblanc-Dunlap,Finance,29-09-2023
338,Webb Ltd,Education,28-05-2023
339,"Bradshaw, Murray and Morrow",Retail,16-06-2023
340,"Miller, Macdonald and Molina",Tech,29-02-2024
341,Johnson and Sons,Retail,09-03-2024
342,Hill-Thomas,Finance,01-07-2022
343,"Patrick, Murphy and Horn",Education,03-02-2023
344,Guerrero Inc,Education,09-12-2023
345,Fisher LLC,Education,25-11-2023
346,Sanchez-Bennett,Education,12-01-2024
347,Matthews-Wong,Education,16-07-2023
348,Benjamin Ltd,Healthcare,10-06-2022
349,"Thomas, Harris and Mullins",Finance,29-07-2022
350,Phillips-Miller,Finance,19-11-2023
351,Knapp Inc,Retail,23-07-2023
352,Horton-Lambert,Education,09-06-2022
353,Gonzalez LLC,Tech,09-06-2022
354,"Wells, Williams and Johnson",Healthcare,05-04-2023
355,Garcia-Stewart,Retail,13-11-2022
356,"Baker, Thomas and Flores",Education,08-12-2022
357,"Burton, Anderson and Jones",Healthcare,10-08-2023
358,Cox Group,Retail,22-03-2024
359,Adams Inc,Healthcare,06-12-2022
360,Ray Ltd,Healthcare,24-12-2022
361,"Hinton, Johnson and Huang",Finance,11-07-2023
362,"Gibson, Chang and Mccormick",Healthcare,04-08-2023
363,"Harris, Cannon and Green",Education,25-09-2023
364,"Williams, Johnson and King",Healthcare,29-06-2023
365,Solis-Mcpherson,Finance,31-01-2023
366,"Nguyen, Orozco and Johnson",Finance,01-07-2023
367,Wood Group,Finance,13-11-2023
368,Jones-Bond,Tech,01-09-2022
369,Ramirez LLC,Tech,10-02-2024
370,Long Group,Finance,24-01-2024
371,"Rivera, Scott and Wood",Healthcare,16-10-2023
372,Wilkins-Patton,Tech,08-01-2024
373,"Nguyen, Martin and Arnold",Retail,08-11-2023
374,"Benson, Parker and Obrien",Retail,19-06-2023
375,Rowe Group,Education,27-10-2022
376,"Pace, Ewing and Cardenas",Education,12-06-2022
377,"Kent, Johnson and Phillips",Tech,12-03-2023
378,Leon Ltd,Education,08-07-2023
379,"Carney, Torres and Mccall",Finance,23-05-2023
380,Garcia Ltd,Tech,22-08-2022
381,"Smith, Hodges and Mcclure",Finance,28-01-2023
382,"Cochran, Richardson and Woodard",Healthcare,20-02-2024
383,Dixon and Sons,Retail,27-08-2022
384,Snyder Ltd,Healthcare,03-09-2022
385,"Rodriguez, Davis and Santos",Education,08-02-2024
386,Costa and Sons,Healthcare,24-05-2022
387,"Stevens, Mclaughlin and Andrews",Finance,16-06-2022
388,"Thompson, Gilbert and Davis",Healthcare,28-01-2024
389,Nicholson-Brown,Education,22-11-2022
390,Johnson-Johnson,Tech,23-04-2023
391,Brown-Brown,Healthcare,17-11-2022
392,Peterson Ltd,Healthcare,23-07-2023
393,Brown-Todd,Finance,22-01-2023
394,"Jones, Hughes and Bowman",Finance,10-06-2022
395,Mason-Espinoza,Retail,21-03-2023
396,Wolf-Wilkerson,Healthcare,08-05-2022
397,"Diaz, Ortiz and Arnold",Retail,28-07-2022
398,Frank-Gray,Tech,16-10-2022
399,"Savage, Hall and Floyd",Finance,14-07-2023
400,Singleton-Torres,Retail,29-12-2023
401,"Hunt, Kane and Butler",Tech,19-06-2022
402,Smith-Ortega,Tech,27-11-2023
403,"Jimenez, Noble and Patton",Retail,11-05-2022
404,"Wagner, Austin and Richards",Education,19-02-2024
405,"Gamble, Thomas and Boyle",Finance,07-08-2023
406,Alexander PLC,Tech,05-02-2024
407,"Montoya, Rollins and Andrews",Education,16-02-2023
408,"Jenkins, Martin and Smith",Retail,24-03-2024
409,Roberts Group,Finance,16-06-2023
410,Ross LLC,Healthcare,07-07-2023
411,Cook PLC,Education,18-11-2022
412,Gonzalez-Taylor,Tech,09-12-2022
413,Jackson-Miller,Tech,17-03-2024
414,Miller-Brooks,Retail,17-10-2023
415,"Johnson, Harris and Roberts",Retail,26-07-2022
416,Cook LLC,Tech,07-04-2024
417,Bernard Inc,Tech,14-01-2024
418,Martin-Gutierrez,Education,02-12-2023
419,Allen Group,Tech,08-02-2024
420,Morse-Smith,Finance,18-07-2022
421,Neal-Bush,Education,06-03-2024
422,Davis-Floyd,Retail,17-10-2022
423,Kelley and Sons,Finance,25-10-2023
424,Henderson-Young,Healthcare,24-12-2022
425,Weber PLC,Tech,16-10-2023
426,Robinson LLC,Healthcare,04-09-2022
427,Miller LLC,Education,20-12-2023
428,Hammond Inc,Education,25-05-2023
429,Roberts Inc,Education,01-05-2023
430,Ryan-Warren,Retail,14-07-2022
431,Barton Inc,Tech,06-07-2023
432,Pierce-Pace,Education,23-12-2023
433,Esparza-Anderson,Tech,16-09-2023
434,Morales-Smith,Retail,24-05-2023
435,Rivera-Ramos,Retail,27-12-2022
436,Brown LLC,Healthcare,25-01-2024
437,Davis and Sons,Healthcare,16-03-2024
438,Garrett-Reynolds,Retail,04-12-2023
439,Norris Inc,Tech,28-07-2023
440,Poole and Sons,Finance,15-09-2022
441,Miller PLC,Tech,09-06-2023
442,Smith-Peters,Education,28-12-2023
443,Winters-Villa,Retail,11-02-2023
444,Manning PLC,Finance,30-10-2022
445,Edwards Group,Finance,25-02-2024
446,"Bush, Diaz and English",Education,01-10-2023
447,Rodriguez-Crawford,Finance,05-01-2023
448,Harris-Brown,Retail,01-01-2024
449,Moore-Walker,Retail,16-05-2022
450,Page Group,Finance,27-08-2023
451,"Johnson, Lee and Brooks",Tech,26-08-2023
452,Randall-Sutton,Finance,06-08-2022
453,Brown PLC,Healthcare,14-12-2022
454,Ponce-Gonzales,Finance,21-02-2023
455,Jacobs-Patterson,Finance,10-04-2023
456,"Gonzalez, Pratt and Diaz",Education,10-01-2023
457,Fisher-Moore,Finance,23-08-2023
458,Frazier and Sons,Finance,15-10-2022
459,Martin-Hernandez,Finance,13-10-2023
460,"Mckay, Golden and Meyer",Retail,19-12-2022
461,Powell-Taylor,Healthcare,14-06-2022
462,"Hardy, Clark and Martinez",Healthcare,03-06-2022
463,Williams-Mcintosh,Finance,31-12-2022
464,Lee-Price,Tech,31-08-2022
465,Carter-Cooper,Retail,20-05-2022
466,"Adams, Harvey and Woods",Retail,08-01-2023
467,Rivera Ltd,Retail,09-10-2022
468,Rodriguez Inc,Retail,19-09-2023
469,Green-Walter,Retail,05-03-2023
470,Nelson-Miller,Tech,31-01-2023
471,"Flores, Ward and Olsen",Tech,01-06-2022
472,"Stanton, Robinson and Carr",Education,08-11-2023
473,Allen and Sons,Retail,10-07-2022
474,Greene Group,Retail,02-04-2024
475,"Hunt, West and Underwood",Healthcare,11-01-2024
476,Harris-Scott,Education,07-04-2023
477,Daniel Inc,Education,21-09-2022
478,Robertson-Sanders,Retail,19-09-2023
479,Fritz Inc,Retail,22-01-2023
480,Sharp-Hogan,Retail,13-07-2023
481,Anderson-Duffy,Education,24-12-2022
482,Anderson and Sons,Healthcare,21-04-2023
483,"Banks, Aguilar and Bird",Retail,27-02-2024
484,"Miller, Patterson and Watson",Healthcare,26-04-2023
485,Gordon-Webb,Tech,31-12-2023
486,Rivera-Smith,Education,24-04-2022
487,"Adams, Taylor and Steele",Education,11-11-2023
488,Jones PLC,Healthcare,14-01-2023
489,Copeland PLC,Education,29-06-2023
490,"Mcintyre, Davis and Bush",Healthcare,04-04-2023
491,Miller and Sons,Retail,13-05-2023
492,"Sandoval, Bailey and Edwards",Healthcare,25-09-2022
493,Cantrell Group,Healthcare,29-01-2023
494,Cochran and Sons,Tech,16-09-2023
495,Mitchell-Weber,Finance,03-02-2023
496,"Taylor, Gardner and Hester",Retail,25-12-2022
497,Walker-Webster,Tech,28-06-2023
498,Bender-Coleman,Retail,22-02-2023
499,Perry Group,Healthcare,29-06-2022
500,"Hudson, Barron and Young",Healthcare,11-07-2023
501,Warren-Davis,Finance,30-06-2022
502,"Hancock, Snyder and Harris",Tech,14-07-2023
503,Mendoza-Smith,Finance,04-05-2023
504,Pollard and Sons,Healthcare,07-06-2023
505,"Powers, Dyer and King",Education,09-10-2022
506,Barnett Ltd,Healthcare,16-03-2023
507,"Perez, Jones and Wilson",Healthcare,28-02-2023
508,"Henderson, Murray and Weber",Finance,17-10-2022
509,"Short, Novak and Erickson",Finance,02-08-2023
510,Holland Ltd,Education,11-01-2023
511,"Richards, Scott and Robinson",Retail,15-09-2022
512,Mcdonald-Mcdonald,Retail,07-02-2024
513,"Gray, Roy and Lara",Tech,16-07-2023
514,Brady-Weber,Finance,11-07-2022
515,Nelson-Robinson,Healthcare,05-10-2022
516,"Smith, Morrison and Thompson",Retail,24-07-2023
517,"Preston, Thompson and Anderson",Finance,11-07-2022
518,"Ball, Trevino and Peck",Finance,30-04-2022
519,Williams Ltd,Tech,02-05-2022
520,"Benson, Jackson and Munoz",Finance,13-02-2023
521,Mcgrath-Lewis,Tech,18-11-2023
522,Sellers LLC,Retail,25-06-2023
523,Gray-Martin,Finance,13-04-2023
524,Williamson-Flores,Healthcare,28-03-2023
525,"Flores, Wood and Miller",Healthcare,23-11-2023
526,Baker-Carson,Tech,16-03-2023
527,Shields PLC,Tech,09-07-2022
528,"Ruiz, Cobb and Garcia",Tech,12-10-2022
529,"Meyer, Henson and Graham",Tech,13-12-2022
530,Gonzalez Ltd,Retail,10-12-2022
531,Clark-Griffin,Finance,08-08-2023
532,Mcclain-Harper,Retail,19-09-2022
533,Lara-Williams,Finance,10-09-2022
534,Juarez-Pierce,Healthcare,11-09-2023
535,Coleman and Sons,Tech,05-02-2023
536,"Moore, Gould and Johnston",Retail,05-09-2023
537,"Robinson, Dunn and Moran",Finance,09-06-2022
538,Morales-Moore,Education,05-01-2024
539,Fleming Group,Finance,24-12-2023
540,"Hunter, Kirby and Harris",Retail,16-05-2022
541,Dunn and Sons,Healthcare,24-05-2022
542,Williams Ltd,Retail,15-01-2024
543,Webb-Boyle,Finance,02-06-2022
544,"Smith, Wilson and Ortiz",Retail,18-05-2022
545,Wood Inc,Tech,26-07-2022
546,Johnson Inc,Retail,18-09-2023
547,Lewis Ltd,Tech,25-05-2023
548,Martinez-Cox,Education,06-03-2023
549,Melton-Spencer,Finance,12-01-2023
550,Smith-Kirk,Healthcare,21-11-2022
551,"Holmes, Stout and Pena",Retail,10-07-2023
552,Frank-Taylor,Finance,03-04-2024
553,Moore Group,Finance,22-10-2023
554,Stewart-Chavez,Retail,07-01-2023
555,"Navarro, Hahn and Hobbs",Healthcare,02-02-2024
556,"Brown, Washington and Williams",Healthcare,02-09-2022
557,Herrera Group,Tech,11-08-2023
558,Henderson Ltd,Retail,30-11-2023
559,"Conley, Wright and Lopez",Tech,14-09-2022
560,Escobar LLC,Healthcare,25-02-2024
561,Carpenter-Morrison,Education,02-08-2022
562,Fisher Group,Finance,16-11-2023
563,Jordan Group,Education,09-02-2023
564,Smith-Price,Finance,07-11-2022
565,Faulkner-Hamilton,Education,17-04-2023
566,Sherman-Oconnor,Retail,26-02-2023
567,Hernandez-Williams,Retail,09-10-2023
568,"Aguilar, Kidd and Young",Education,06-06-2022
569,Hill Group,Healthcare,29-06-2022
570,"Figueroa, Mitchell and Nash",Education,08-02-2024
571,Kennedy Inc,Tech,23-01-2024
572,Hodge LLC,Tech,09-09-2023
573,Cruz-Avery,Retail,24-02-2024
574,"Perez, Powell and Rodriguez",Tech,29-07-2022
575,Castro LLC,Retail,13-10-2022
576,Tate Group,Education,20-11-2022
577,Barrera-Cox,Retail,05-05-2022
578,Johnson-Gardner,Healthcare,19-09-2022
579,Alvarez-Shaw,Retail,30-05-2022
580,"Armstrong, Skinner and Watson",Finance,23-09-2023
581,"Ortiz, Wiggins and Foster",Healthcare,22-09-2022
582,"Smith, Dorsey and White",Healthcare,18-10-2022
583,Walker-Odom,Retail,26-01-2023
584,Wallace-Mccarthy,Retail,05-01-2024
585,Blair-Gonzalez,Retail,20-07-2022
586,"Stanley, Reyes and Duncan",Tech,31-12-2023
587,"Prince, Lynch and Boyd",Finance,07-05-2022
588,"Garner, James and Lawson",Tech,13-07-2022
589,Phelps-Alexander,Finance,18-10-2023
590,Smith LLC,Tech,25-06-2023
591,Russell LLC,Tech,14-02-2024
592,Vazquez LLC,Retail,03-06-2023
593,Johnson Ltd,Finance,13-06-2023
594,Bennett-Thomas,Tech,12-07-2023
595,Schwartz Group,Retail,13-05-2023
596,Manning-Morris,Finance,08-07-2023
597,Deleon-Hernandez,Healthcare,08-08-2022
598,"Gregory, Benson and Lee",Education,12-10-2022
599,Cruz-Lee,Education,15-04-2023
600,"Wood, Pennington and Thomas",Healthcare,05-03-2024
601,Orozco-Reynolds,Education,29-02-2024
602,"Glenn, Martinez and Donaldson",Education,12-05-2023
603,"Anderson, Hebert and Fuentes",Retail,14-01-2024
604,Oconnell Group,Tech,03-11-2022
605,Bruce LLC,Finance,03-12-2023
606,Coleman-Meyer,Healthcare,03-01-2024
607,"Greer, Park and Bryant",Healthcare,24-02-2024
608,"Smith, Murphy and West",Education,07-11-2022
609,Yu-Gomez,Retail,20-04-2022
610,"Moore, Wiggins and Rodriguez",Education,17-05-2023
611,Dean and Sons,Healthcare,30-03-2023
612,Cox Ltd,Healthcare,25-11-2023
613,Allen and Sons,Healthcare,23-02-2023
614,Hardin PLC,Finance,19-07-2022
615,"Jordan, Murphy and Cole",Education,26-02-2023
616,"Morgan, Carr and Savage",Education,30-07-2022
617,Bell Group,Tech,12-06-2023
618,Thomas-Porter,Tech,29-02-2024
619,Frank-Perez,Retail,02-07-2023
620,Tyler Ltd,Education,10-05-2022
621,Patel-Johnson,Finance,29-03-2024
622,"Irwin, Horn and Vazquez",Healthcare,12-11-2022
623,"Brown, Rose and Fox",Finance,16-06-2022
624,Clark Group,Education,01-01-2023
625,Harmon LLC,Retail,17-05-2023
626,"Mcdowell, Carney and Ortiz",Finance,14-01-2024
627,"Yang, Moore and Joseph",Tech,23-05-2022
628,Blackwell-Dorsey,Education,10-05-2022
629,Escobar PLC,Education,24-11-2022
630,"Olsen, Foster and Watson",Retail,17-12-2022
631,Knox Group,Finance,30-12-2023
632,"Moore, Walker and Thomas",Retail,02-05-2023
633,Flores-Serrano,Tech,10-08-2022
634,Ramos Inc,Education,24-02-2024
635,Smith-Coleman,Tech,10-09-2023
636,Torres Group,Retail,05-11-2022
637,Huber Group,Education,25-04-2023
638,"Russell, Roberts and Marks",Tech,13-12-2022
639,"Santana, Peterson and Parker",Retail,02-08-2022
640,Tapia Inc,Tech,06-04-2024
641,"Delgado, Maxwell and Davis",Healthcare,23-01-2023
642,Armstrong-Bell,Finance,01-11-2022
643,Taylor-Murray,Healthcare,16-09-2023
644,Leonard Group,Education,17-09-2023
645,Day-Herring,Education,11-01-2023
646,"Mora, Moore and Taylor",Healthcare,23-02-2024
647,Jones Group,Healthcare,04-06-2023
648,Newton-Lee,Education,16-08-2023
649,"Mills, Duke and Lyons",Finance,20-09-2023
650,"Thomas, Jones and Miller",Finance,15-07-2023
651,Clark PLC,Finance,10-07-2023
652,Robinson LLC,Tech,23-03-2023
653,Franklin-Holder,Education,03-11-2022
654,Faulkner-Ellis,Retail,11-08-2022
655,Coleman Inc,Education,31-07-2023
656,"Miller, Ruiz and Baird",Education,08-03-2024
657,Wright-Mejia,Finance,24-07-2022
658,Martin Inc,Finance,22-10-2023
659,Norton-Garcia,Finance,16-11-2023
660,Jacobson-Camacho,Tech,20-06-2022
661,"Hendricks, Blankenship and Vega",Finance,21-06-2022
662,"Orozco, Reynolds and Roberts",Healthcare,07-11-2022
663,"Mitchell, Rogers and Williams",Retail,18-06-2023
664,"Torres, Raymond and Schwartz",Healthcare,06-12-2022
665,Ross Inc,Healthcare,19-12-2023
666,Garcia Ltd,Education,05-10-2022
667,"Brewer, Hammond and Sellers",Healthcare,18-02-2023
668,Ford-Johnson,Education,12-02-2024
669,"Harris, Johnson and Silva",Finance,11-09-2022
670,Jones-Hawkins,Education,30-11-2023
671,"Fox, Davis and Oconnell",Finance,22-09-2022
672,"Holt, Reyes and Davis",Tech,16-03-2024
673,"Preston, Hardin and Smith",Tech,26-06-2023
674,Osborne-Gibson,Finance,30-01-2024
675,Wood Inc,Education,23-02-2023
676,Hawkins PLC,Tech,14-10-2022
677,Wilson-Schmidt,Education,17-07-2022
678,Silva-Mejia,Healthcare,21-04-2023
679,"Duncan, Shaw and Hanson",Healthcare,22-12-2023
680,"Durham, Callahan and Nelson",Education,26-05-2022
681,"Smith, Williams and Cunningham",Retail,29-06-2022
682,"Jimenez, Jones and Alvarez",Education,18-02-2024
683,Mooney and Sons,Healthcare,22-12-2022
684,Lopez Ltd,Healthcare,13-04-2022
685,Walsh PLC,Retail,13-10-2023
686,Kelly-Parker,Education,28-10-2023
687,"Gentry, Newman and Durham",Education,04-12-2023
688,"Miranda, Weaver and Gallegos",Finance,07-04-2023
689,Mccann-Fitzgerald,Healthcare,14-06-2022
690,Brown-Holmes,Healthcare,26-11-2023
691,"Gibson, Rojas and Collins",Education,06-04-2023
692,Baldwin Ltd,Retail,17-08-2022
693,Navarro-Brown,Finance,26-04-2023
694,Smith Inc,Tech,02-11-2022
695,"Allen, Reid and Preston",Education,11-09-2022
696,Cruz-Rodgers,Retail,15-02-2023
697,Mathews-Moore,Retail,15-11-2022
698,"Hale, Williams and Burgess",Tech,12-06-2022
699,Burton-Davis,Tech,05-02-2023
700,Phillips Ltd,Finance,14-02-2023
701,Wright-Scott,Retail,07-10-2023
702,"Miller, Ryan and Young",Retail,31-10-2023
703,"Anderson, Roberts and Brown",Finance,15-02-2023
704,Walker-Phillips,Tech,22-12-2023
705,French-Hodges,Retail,28-10-2022
706,Vega-Richardson,Retail,12-01-2023
707,Watson-Ward,Tech,30-07-2023
708,Randall-Maddox,Tech,04-03-2024
709,Cole-Gomez,Education,28-05-2023
710,Scott and Sons,Finance,27-04-2023
711,Gilbert Ltd,Finance,02-07-2022
712,"Hernandez, Hayes and Barnes",Healthcare,06-12-2023
713,"Obrien, Walker and Meyer",Education,16-07-2022
714,Barnett-Berry,Finance,21-06-2022
715,"Diaz, Brown and Valenzuela",Retail,05-12-2023
716,"Carter, Rodriguez and Wong",Retail,25-10-2022
717,Miller Group,Finance,13-04-2023
